loss,acc,lr
0.8378808498382568,0.47999998927116394,0.0010000000474974513
0.536794900894165,0.7400000095367432,0.0010000000474974513
0.5655130743980408,0.6800000071525574,0.0010000000474974513
0.32190918922424316,0.8799999952316284,0.0010000000474974513
0.33307084441185,0.8399999737739563,0.0010000000474974513
0.2341073453426361,0.9599999785423279,0.0010000000474974513
0.2101287841796875,0.8999999761581421,0.0010000000474974513
0.17061899602413177,0.9200000166893005,0.0010000000474974513
0.12353777885437012,0.9800000190734863,0.0010000000474974513
0.1072341799736023,0.9800000190734863,0.0010000000474974513
0.06964197754859924,1.0,0.0010000000474974513
0.05669384449720383,1.0,0.0010000000474974513
0.04467394948005676,1.0,0.0010000000474974513
0.029680198058485985,1.0,0.0010000000474974513
0.0263579823076725,1.0,0.0010000000474974513
0.023393118754029274,1.0,0.0010000000474974513
0.01702789030969143,1.0,0.0010000000474974513
0.013478684239089489,1.0,0.0010000000474974513
0.012473603710532188,1.0,0.0010000000474974513
0.010741911828517914,1.0,0.0010000000474974513
0.008432254195213318,1.0,0.0010000000474974513
0.007159777916967869,1.0,0.0010000000474974513
0.006941157393157482,1.0,0.0010000000474974513
0.006853810511529446,1.0,0.0010000000474974513
0.006263942923396826,1.0,0.0010000000474974513
0.005330947227776051,1.0,0.0010000000474974513
0.004539139103144407,1.0,0.0010000000474974513
0.004106063395738602,1.0,0.0010000000474974513
0.003936140798032284,1.0,0.0010000000474974513
0.003811283502727747,1.0,0.0010000000474974513
0.003576010698452592,1.0,0.0010000000474974513
0.0032368963584303856,1.0,0.0010000000474974513
0.00290055968798697,1.0,0.0010000000474974513
0.0026544767897576094,1.0,0.0010000000474974513
0.0025139974895864725,1.0,0.0010000000474974513
0.0024401589762419462,1.0,0.0010000000474974513
0.002377263270318508,1.0,0.0010000000474974513
0.0022850721143186092,1.0,0.0010000000474974513
0.002157281618565321,1.0,0.0010000000474974513
0.0020137405954301357,1.0,0.0010000000474974513
0.0018819174729287624,1.0,0.0010000000474974513
0.0017799943452700973,1.0,0.0010000000474974513
0.001709936885163188,1.0,0.0010000000474974513
0.001661009737290442,1.0,0.0010000000474974513
0.0016188127920031548,1.0,0.0010000000474974513
0.0015716174384579062,1.0,0.0010000000474974513
0.0015155032742768526,1.0,0.0010000000474974513
0.0014535051304847002,1.0,0.0010000000474974513
0.0013924150262027979,1.0,0.0010000000474974513
0.0013382888864725828,1.0,0.0010000000474974513
0.001293702982366085,1.0,0.0010000000474974513
0.0012579687172546983,1.0,0.0010000000474974513
0.0012276092311367393,1.0,0.0010000000474974513
0.0011992722284048796,1.0,0.0010000000474974513
0.0011702035553753376,1.0,0.0010000000474974513
0.0011393892345950007,1.0,0.0010000000474974513
0.0011074325302615762,1.0,0.0010000000474974513
0.0010759554570540786,1.0,0.0010000000474974513
0.001046639634296298,1.0,0.0010000000474974513
0.0010204968275502324,1.0,0.0010000000474974513
0.000997654045931995,1.0,0.0010000000474974513
0.0009775852086022496,1.0,0.0010000000474974513
0.0009593128925189376,1.0,0.0010000000474974513
0.0009416536777280271,1.0,0.0010000000474974513
0.0009238215279765427,1.0,0.0010000000474974513
0.0009056422277353704,1.0,0.0010000000474974513
0.0008873294573277235,1.0,0.0010000000474974513
0.0008693835115991533,1.0,0.0010000000474974513
0.0008523032302036881,1.0,0.0010000000474974513
0.0008363950182683766,1.0,0.0010000000474974513
0.0008216712158173323,1.0,0.0010000000474974513
0.0008079779217951,1.0,0.0010000000474974513
0.0007950232247821987,1.0,0.0010000000474974513
0.0007824685308150947,1.0,0.0010000000474974513
0.0007701021386310458,1.0,0.0010000000474974513
0.0007578430813737214,1.0,0.0010000000474974513
0.0007457156316377223,1.0,0.0010000000474974513
0.0007338252617046237,1.0,0.0010000000474974513
0.0007223322754725814,1.0,0.0010000000474974513
0.000711336440872401,1.0,0.0010000000474974513
0.0007008471875451505,1.0,0.0010000000474974513
0.0006908468785695732,1.0,0.0010000000474974513
0.0006812257342971861,1.0,0.0010000000474974513
0.0006718630902469158,1.0,0.0010000000474974513
0.0006626895628869534,1.0,0.0010000000474974513
0.000653632334433496,1.0,0.0010000000474974513
0.0006446864572353661,1.0,0.0010000000474974513
0.0006359093822538853,1.0,0.0010000000474974513
0.0006273187464103103,1.0,0.0010000000474974513
0.0006189647829160094,1.0,0.0010000000474974513
0.0006108615780249238,1.0,0.0010000000474974513
0.0006030355580151081,1.0,0.0010000000474974513
0.0005954625667072833,1.0,0.0010000000474974513
0.0005881031975150108,1.0,0.0010000000474974513
0.0005809407448396087,1.0,0.0010000000474974513
0.0005739345797337592,1.0,0.0010000000474974513
0.0005670489044860005,1.0,0.0010000000474974513
0.0005602884921245277,1.0,0.0010000000474974513
0.0005536630051210523,1.0,0.0010000000474974513
0.0005471616750583053,1.0,0.0010000000474974513
0.0005407989374361932,1.0,0.0010000000474974513
0.0005345615791156888,1.0,0.0010000000474974513
0.0005284616490826011,1.0,0.0010000000474974513
0.0005224788328632712,1.0,0.0010000000474974513
0.0005166096962057054,1.0,0.0010000000474974513
0.0005108468467369676,1.0,0.0010000000474974513
0.0005051915650255978,1.0,0.0010000000474974513
0.0004996390780434012,1.0,0.0010000000474974513
0.00049416912952438,1.0,0.0010000000474974513
0.0004887947579845786,1.0,0.0010000000474974513
0.00048350635915994644,1.0,0.0010000000474974513
0.00047831234405748546,1.0,0.0010000000474974513
0.0004732197558041662,1.0,0.0010000000474974513
0.00046822751755826175,1.0,0.0010000000474974513
0.00046333312639035285,1.0,0.0010000000474974513
0.00045851990580558777,1.0,0.0010000000474974513
0.0004537877393886447,1.0,0.0010000000474974513
0.0004491236759349704,1.0,0.0010000000474974513
0.0004445443337317556,1.0,0.0010000000474974513
0.00044004374649375677,1.0,0.0010000000474974513
0.00043559682671912014,1.0,0.0010000000474974513
0.0004312298842705786,1.0,0.0010000000474974513
0.0004269310156814754,1.0,0.0010000000474974513
0.00042269896948710084,1.0,0.0010000000474974513
0.00041853851871564984,1.0,0.0010000000474974513
0.0004144271370023489,1.0,0.0010000000474974513
0.00041039209463633597,1.0,0.0010000000474974513
0.00040641077794134617,1.0,0.0010000000474974513
0.00040249628364108503,1.0,0.0010000000474974513
0.00039863440906628966,1.0,0.0010000000474974513
0.00039483935688622296,1.0,0.0010000000474974513
0.0003910992236342281,1.0,0.0010000000474974513
0.0003874175890814513,1.0,0.0010000000474974513
0.00038379093166440725,1.0,0.0010000000474974513
0.0003802202991209924,1.0,0.0010000000474974513
0.0003766997833736241,1.0,0.0010000000474974513
0.0003732354089152068,1.0,0.0010000000474974513
0.0003698199870996177,1.0,0.0010000000474974513
0.00036644033389166,1.0,0.0010000000474974513
0.00036312517477199435,1.0,0.0010000000474974513
0.00035984459100291133,1.0,0.0010000000474974513
0.0003566188970580697,1.0,0.0010000000474974513
0.00035343028139322996,1.0,0.0010000000474974513
0.000350284535670653,1.0,0.0010000000474974513
0.00034718425013124943,1.0,0.0010000000474974513
0.0003441315784584731,1.0,0.0010000000474974513
0.00034112195135094225,1.0,0.0010000000474974513
0.0003381540591362864,1.0,0.0010000000474974513
0.0003352303465362638,1.0,0.0010000000474974513
0.0003323412383906543,1.0,0.0010000000474974513
0.0003294831549283117,1.0,0.0010000000474974513
0.00032666567130945623,1.0,0.0010000000474974513
0.0003238815697841346,1.0,0.0010000000474974513
0.00032113571069203317,1.0,0.0010000000474974513
0.0003184315864928067,1.0,0.0010000000474974513
0.00031575371394865215,1.0,0.0010000000474974513
0.0003131080884486437,1.0,0.0010000000474974513
0.000310516101308167,1.0,0.0010000000474974513
0.00030793846235610545,1.0,0.0010000000474974513
0.0003054085827898234,1.0,0.0010000000474974513
0.0003029061190318316,1.0,0.0010000000474974513
0.00030044541927054524,1.0,0.0010000000474974513
0.00029801693744957447,1.0,0.0010000000474974513
0.0002956242533400655,1.0,0.0010000000474974513
0.0002932590141426772,1.0,0.0010000000474974513
0.0002909224422182888,1.0,0.0010000000474974513
0.00028861683676950634,1.0,0.0010000000474974513
0.0002863339032046497,1.0,0.0010000000474974513
0.0002840975357685238,1.0,0.0010000000474974513
0.0002818838111124933,1.0,0.0010000000474974513
0.00027969159418717027,1.0,0.0010000000474974513
0.00027752682217396796,1.0,0.0010000000474974513
0.00027539185248315334,1.0,0.0010000000474974513
0.00027328197029419243,1.0,0.0010000000474974513
0.00027119831065647304,1.0,0.0010000000474974513
0.0002691361587494612,1.0,0.0010000000474974513
0.0002671073889359832,1.0,0.0010000000474974513
0.0002650952956173569,1.0,0.0010000000474974513
0.0002631059323903173,1.0,0.0010000000474974513
0.00026114395586773753,1.0,0.0010000000474974513
0.00025920348707586527,1.0,0.0010000000474974513
0.0002572821103967726,1.0,0.0010000000474974513
0.00025538221234455705,1.0,0.0010000000474974513
0.0002535097301006317,1.0,0.0010000000474974513
0.00025164918042719364,1.0,0.0010000000474974513
0.0002498184912838042,1.0,0.0010000000474974513
0.0002480008697602898,1.0,0.0010000000474974513
0.00024619881878606975,1.0,0.0010000000474974513
0.00024441705318167806,1.0,0.0010000000474974513
0.00024265791580546647,1.0,0.0010000000474974513
0.00024091549857985228,1.0,0.0010000000474974513
0.00023920410603750497,1.0,0.0010000000474974513
0.00023750103719066828,1.0,0.0010000000474974513
0.00023582186258863658,1.0,0.0010000000474974513
0.0002341641520615667,1.0,0.0010000000474974513
0.00023252313258126378,1.0,0.0010000000474974513
0.0002308940456714481,1.0,0.0010000000474974513
0.0002292864373885095,1.0,0.0010000000474974513
0.0002277015009894967,1.0,0.0010000000474974513
0.00022613204782828689,1.0,0.0010000000474974513
0.00022458171588368714,1.0,0.0010000000474974513
0.0002230432874057442,1.0,0.0010000000474974513
0.0002215191489085555,1.0,0.0010000000474974513
0.0002200177259510383,1.0,0.0010000000474974513
0.00021853655925951898,1.0,0.0010000000474974513
0.00021706374536734074,1.0,0.0010000000474974513
0.0002156171976821497,1.0,0.0010000000474974513
0.00021417059178929776,1.0,0.0010000000474974513
0.00021275623294059187,1.0,0.0010000000474974513
0.0002113442460540682,1.0,0.0010000000474974513
0.0002099489647662267,1.0,0.0010000000474974513
0.00020856801711488515,1.0,0.0010000000474974513
0.00020720137399621308,1.0,0.0010000000474974513
0.00020585140737239271,1.0,0.0010000000474974513
0.00020450504962354898,1.0,0.0010000000474974513
0.00020318252791184932,1.0,0.0010000000474974513
0.00020187195332255214,1.0,0.0010000000474974513
0.0002005673450184986,1.0,0.0010000000474974513
0.00019927941320929676,1.0,0.0010000000474974513
0.0001980057859327644,1.0,0.0010000000474974513
0.00019674410577863455,1.0,0.0010000000474974513
0.0001954955660039559,1.0,0.0005000000237487257
0.00019487903045956045,1.0,0.0005000000237487257
0.00019426370272412896,1.0,0.0005000000237487257
0.00019364478066563606,1.0,0.0005000000237487257
0.000193044965271838,1.0,0.0005000000237487257
0.0001924391690408811,1.0,0.0005000000237487257
0.00019183458061888814,1.0,0.0005000000237487257
0.00019124429672956467,1.0,0.0005000000237487257
0.0001906468387460336,1.0,0.0005000000237487257
0.00019005415379069746,1.0,0.0005000000237487257
0.00018946985073853284,1.0,0.0005000000237487257
0.00018889149941969663,1.0,0.0005000000237487257
0.00018830479530151933,1.0,0.0005000000237487257
0.00018773239571601152,1.0,0.0005000000237487257
0.00018715165788307786,1.0,0.0005000000237487257
0.00018657925829757005,1.0,0.0005000000237487257
0.0001860080665210262,1.0,0.0005000000237487257
0.00018544401973485947,1.0,0.0005000000237487257
0.00018487997294869274,1.0,0.0005000000237487257
0.00018430995987728238,1.0,0.0005000000237487257
0.00018374710634816438,1.0,0.0005000000237487257
0.0001831890403991565,1.0,0.0005000000237487257
0.00018263573292642832,1.0,0.0005000000237487257
0.00018207644461654127,1.0,0.0005000000237487257
0.00018153390556108207,1.0,0.0005000000237487257
0.00018098294094670564,1.0,0.0005000000237487257
0.00018043204909190536,1.0,0.0005000000237487257
0.00017988469335250556,1.0,0.0005000000237487257
0.00017934331845026463,1.0,0.0005000000237487257
0.00017880075029097497,1.0,0.0005000000237487257
0.00017826413386501372,1.0,0.0005000000237487257
0.0001777215802576393,1.0,0.0005000000237487257
0.00017719093011692166,1.0,0.0005000000237487257
0.00017665432824287564,1.0,0.0005000000237487257
0.000176123678102158,1.0,0.0005000000237487257
0.00017559064144734293,1.0,0.0005000000237487257
0.0001750647643348202,1.0,0.0005000000237487257
0.00017454841872677207,1.0,0.0005000000237487257
0.0001740177976898849,1.0,0.0005000000237487257
0.0001735002879286185,1.0,0.0005000000237487257
0.00017298039165325463,1.0,0.0005000000237487257
0.00017245448543690145,1.0,0.0005000000237487257
0.00017194412066601217,1.0,0.0005000000237487257
0.00017143256263807416,1.0,0.0005000000237487257
0.00017092099005822092,1.0,0.0005000000237487257
0.00017040943203028291,1.0,0.0005000000237487257
0.00016990266158245504,1.0,0.0005000000237487257
0.00016939228225965053,1.0,0.0005000000237487257
0.00016889386461116374,1.0,0.0005000000237487257
0.0001683882437646389,1.0,0.0005000000237487257
0.0001678910048212856,1.0,0.0005000000237487257
0.00016739373677410185,1.0,0.0005000000237487257
0.00016689531912561506,1.0,0.0005000000237487257
0.00016639806563034654,1.0,0.0005000000237487257
0.0001659079862292856,1.0,0.0005000000237487257
0.00016541194054298103,1.0,0.0005000000237487257
0.0001649254118092358,1.0,0.0005000000237487257
0.00016444128414150327,1.0,0.0005000000237487257
0.00016394762496929616,1.0,0.0005000000237487257
0.00016345993208233267,1.0,0.0005000000237487257
0.00016298057744279504,1.0,0.0005000000237487257
0.0001625012228032574,1.0,0.0005000000237487257
0.00016202066035475582,1.0,0.0005000000237487257
0.00016154248442035168,1.0,0.0005000000237487257
0.00016106672410387546,1.0,0.0005000000237487257
0.00016059214249253273,1.0,0.0005000000237487257
0.00016012709238566458,1.0,0.0005000000237487257
0.00015964655904099345,1.0,0.0005000000237487257
0.0001591815089341253,1.0,0.0005000000237487257
0.0001587092992849648,1.0,0.0005000000237487257
0.00015825260197743773,1.0,0.0005000000237487257
0.00015778638771735132,1.0,0.0005000000237487257
0.00015732611063867807,1.0,0.0005000000237487257
0.00015686225378885865,1.0,0.0005000000237487257
0.00015640318451914936,1.0,0.0005000000237487257
0.0001559464872116223,1.0,0.0005000000237487257
0.000155502901179716,1.0,0.0005000000237487257
0.00015504620387218893,1.0,0.0005000000237487257
0.00015459548740182072,1.0,0.0005000000237487257
0.00015414236986543983,1.0,0.0002500000118743628
0.00015391461784020066,1.0,0.0002500000118743628
0.00015369878383353353,1.0,0.0002500000118743628
0.0001534758193884045,1.0,0.0002500000118743628
0.00015325403364840895,1.0,0.0002500000118743628
0.00015303104009944946,1.0,0.0002500000118743628
0.00015280091611202806,1.0,0.0002500000118743628
0.00015258627536240965,1.0,0.0002500000118743628
0.0001523680693935603,1.0,0.0002500000118743628
0.00015214626910164952,1.0,0.0002500000118743628
0.00015192091814242303,1.0,0.0002500000118743628
0.00015170747064985335,1.0,0.0002500000118743628
0.00015148689271882176,1.0,0.0002500000118743628
0.00015126389916986227,1.0,0.0002500000118743628
0.00015104688645806164,1.0,0.0002500000118743628
0.00015082747268024832,1.0,0.0002500000118743628
0.00015061642625369132,1.0,0.0002500000118743628
0.00015039464051369578,1.0,0.0002500000118743628
0.00015017285477370024,1.0,0.0002500000118743628
0.00014995463425293565,1.0,0.0002500000118743628
0.00014974478108342737,1.0,0.0002500000118743628
0.000149526575114578,1.0,0.0002500000118743628
0.00014931194891687483,1.0,0.0002500000118743628
0.00014908896991983056,1.0,0.0002500000118743628
0.0001488755369791761,1.0,0.0002500000118743628
0.00014865970297250897,1.0,0.0002500000118743628
0.00014844388351775706,1.0,0.0002500000118743628
0.00014822806406300515,1.0,0.0002500000118743628
0.0001480158098274842,1.0,0.0002500000118743628
0.00014779760385863483,1.0,0.0002500000118743628
0.00014757820463273674,1.0,0.0002500000118743628
0.0001473754964536056,1.0,0.0002500000118743628
0.00014716085570398718,1.0,0.0002500000118743628
0.0001469450508011505,1.0,0.0002500000118743628
0.00014672802353743464,1.0,0.0002500000118743628
0.00014651339733973145,1.0,0.0002500000118743628
0.000146299964399077,1.0,0.0002500000118743628
0.00014608533820137382,1.0,0.0002500000118743628
0.00014587068289984018,1.0,0.0002500000118743628
0.00014566323079634458,1.0,0.0002500000118743628
0.00014545454178005457,1.0,0.0002500000118743628
0.0001452339784009382,1.0,0.0002500000118743628
0.00014502053090836853,1.0,0.0002500000118743628
0.00014481066318694502,1.0,0.0002500000118743628
0.00014461153477896005,1.0,0.0002500000118743628
0.00014439452206715941,1.0,0.0002500000118743628
0.00014417513739317656,1.0,0.0002500000118743628
0.00014396646292880177,1.0,0.0002500000118743628
0.00014376375474967062,1.0,0.0002500000118743628
0.00014355509483721107,1.0,0.0002500000118743628
0.0001433428406016901,1.0,0.0001250000059371814
0.00014323077630251646,1.0,0.0001250000059371814
0.00014313060091808438,1.0,0.0001250000059371814
0.00014302448835223913,1.0,0.0001250000059371814
0.00014291000843513757,1.0,0.0001250000059371814
0.00014281341282185167,1.0,0.0001250000059371814
0.00014270847896113992,1.0,0.0001250000059371814
0.00014260358875617385,1.0,0.0001250000059371814
0.0001424998336005956,1.0,0.0001250000059371814
0.00014239730080589652,1.0,0.0001250000059371814
0.00014228998043108732,1.0,0.0001250000059371814
0.00014218146679922938,1.0,0.0001250000059371814
0.00014208012726157904,1.0,0.0001250000059371814
0.00014197398559190333,1.0,0.0001250000059371814
0.00014187025954015553,1.0,0.0001250000059371814
0.0001417617459082976,1.0,0.0001250000059371814
0.00014166398614179343,1.0,0.0001250000059371814
0.00014155903772916645,1.0,0.0001250000059371814
0.00014145293971523643,1.0,0.0001250000059371814
0.00014134799130260944,1.0,0.0001250000059371814
0.00014124544395599514,1.0,0.0001250000059371814
0.000141134558361955,1.0,0.0001250000059371814
0.00014102844579610974,1.0,0.0001250000059371814
0.00014092707715462893,1.0,0.0001250000059371814
0.00014082335110288113,1.0,0.0001250000059371814
0.00014072319027036428,1.0,0.0001250000059371814
0.00014060991816222668,1.0,0.0001250000059371814
0.00014050617755856365,1.0,0.0001250000059371814
0.00014040363021194935,1.0,0.0001250000059371814
0.00014030466263648123,1.0,0.0001250000059371814
0.0001401997433276847,1.0,0.0001250000059371814
0.00014009122969582677,1.0,0.0001250000059371814
0.0001399898756062612,1.0,0.0001250000059371814
0.0001398873282596469,1.0,0.0001250000059371814
0.00013978479546494782,1.0,0.0001250000059371814
0.0001396762818330899,1.0,0.0001250000059371814
0.000139564202982001,1.0,0.0001250000059371814
0.0001394604769302532,1.0,0.0001250000059371814
0.000139353156555444,1.0,0.0001250000059371814
0.00013925299572292715,1.0,0.0001250000059371814
0.00013914686860516667,1.0,0.0001250000059371814
0.00013904312800150365,1.0,0.0001250000059371814
0.00013894059520680457,1.0,0.0001250000059371814
0.00013883804786019027,1.0,0.0001250000059371814
0.00013872953422833234,1.0,0.0001250000059371814
0.00013861985644325614,1.0,0.0001250000059371814
0.0001385161158395931,1.0,0.0001250000059371814
0.0001384135684929788,1.0,0.0001250000059371814
0.00013830384705215693,1.0,0.0001250000059371814
0.00013820013555232435,1.0,0.0001250000059371814
0.00013809758820571005,1.0,9.999999747378752e-05
0.0001380105532007292,1.0,9.999999747378752e-05
0.00013793185644317418,1.0,9.999999747378752e-05
0.00013784600014332682,1.0,9.999999747378752e-05
0.00013775895058643073,1.0,9.999999747378752e-05
0.00013768025382887572,1.0,9.999999747378752e-05
0.00013759441208094358,1.0,9.999999747378752e-05
0.00013751212100032717,1.0,9.999999747378752e-05
0.0001374298590235412,1.0,9.999999747378752e-05
0.00013734163076151162,1.0,9.999999747378752e-05
0.0001372581609757617,1.0,9.999999747378752e-05
0.00013717944966629148,1.0,9.999999747378752e-05
0.00013709002814721316,1.0,9.999999747378752e-05
0.0001370089448755607,1.0,9.999999747378752e-05
0.0001369207166135311,1.0,9.999999747378752e-05
0.00013684082659892738,1.0,9.999999747378752e-05
0.00013675021182280034,1.0,9.999999747378752e-05
0.00013666674203705043,1.0,9.999999747378752e-05
0.00013658446550834924,1.0,9.999999747378752e-05
0.000136503396788612,1.0,9.999999747378752e-05
0.00013641039549838752,1.0,9.999999747378752e-05
0.00013632571790367365,1.0,9.999999747378752e-05
0.00013624584244098514,1.0,9.999999747378752e-05
0.00013615761417895555,1.0,9.999999747378752e-05
0.00013607651635538787,1.0,9.999999747378752e-05
0.00013599544763565063,1.0,9.999999747378752e-05
0.000135910784592852,1.0,9.999999747378752e-05
0.0001358225563308224,1.0,9.999999747378752e-05
0.00013574027980212122,1.0,9.999999747378752e-05
0.0001356603897875175,1.0,9.999999747378752e-05
0.00013557692000176758,1.0,9.999999747378752e-05
0.000135488691739738,1.0,9.999999747378752e-05
0.00013540522195398808,1.0,9.999999747378752e-05
0.00013531580043490976,1.0,9.999999747378752e-05
0.00013522995868697762,1.0,9.999999747378752e-05
0.0001351464889012277,1.0,9.999999747378752e-05
0.00013506421237252653,1.0,9.999999747378752e-05
0.00013498312910087407,1.0,9.999999747378752e-05
0.0001348972728010267,1.0,9.999999747378752e-05
0.00013481381756719202,1.0,9.999999747378752e-05
0.0001347303477814421,1.0,9.999999747378752e-05
0.00013464689254760742,1.0,9.999999747378752e-05
0.00013455745647661388,1.0,9.999999747378752e-05
0.0001344751799479127,1.0,9.999999747378752e-05
0.00013439171016216278,1.0,9.999999747378752e-05
0.00013429633690975606,1.0,9.999999747378752e-05
0.00013421644689515233,1.0,9.999999747378752e-05
0.0001341365568805486,1.0,9.999999747378752e-05
0.000134048328618519,1.0,9.999999747378752e-05
0.00013396605208981782,1.0,9.999999747378752e-05
0.000133877809275873,1.0,9.999999747378752e-05
0.0001337979338131845,1.0,9.999999747378752e-05
0.00013371564273256809,1.0,9.999999747378752e-05
0.00013363694597501308,1.0,9.999999747378752e-05
0.0001335427659796551,1.0,9.999999747378752e-05
0.0001334616681560874,1.0,9.999999747378752e-05
0.00013337700511328876,1.0,9.999999747378752e-05
0.0001332947431365028,1.0,9.999999747378752e-05
0.00013320651487447321,1.0,9.999999747378752e-05
0.00013311946531757712,1.0,9.999999747378752e-05
0.000133033623569645,1.0,9.999999747378752e-05
0.0001329513470409438,1.0,9.999999747378752e-05
0.00013286550529301167,1.0,9.999999747378752e-05
0.00013278203550726175,1.0,9.999999747378752e-05
0.00013269974442664534,1.0,9.999999747378752e-05
0.00013261630374472588,1.0,9.999999747378752e-05
0.00013253283395897597,1.0,9.999999747378752e-05
0.00013243744615465403,1.0,9.999999747378752e-05
0.0001323575561400503,1.0,9.999999747378752e-05
0.00013226931332610548,1.0,9.999999747378752e-05
0.0001321918098255992,1.0,9.999999747378752e-05
0.00013210001634433866,1.0,9.999999747378752e-05
0.00013201891852077097,1.0,9.999999747378752e-05
0.00013193902850616723,1.0,9.999999747378752e-05
0.00013185199350118637,1.0,9.999999747378752e-05
0.0001317649584962055,1.0,9.999999747378752e-05
0.00013168506848160177,1.0,9.999999747378752e-05
0.0001316027919529006,1.0,9.999999747378752e-05
0.0001315097906626761,1.0,9.999999747378752e-05
0.00013142512761987746,1.0,9.999999747378752e-05
0.00013133689935784787,1.0,9.999999747378752e-05
0.00013126058911439031,1.0,9.999999747378752e-05
0.00013116878108121455,1.0,9.999999747378752e-05
0.00013108650455251336,1.0,9.999999747378752e-05
0.00013100303476676345,1.0,9.999999747378752e-05
0.0001309159997617826,1.0,9.999999747378752e-05
0.00013082656369078904,1.0,9.999999747378752e-05
0.00013074786693323404,1.0,9.999999747378752e-05
0.00013066560495644808,1.0,9.999999747378752e-05
0.0001305821497226134,1.0,9.999999747378752e-05
0.0001304951001657173,1.0,9.999999747378752e-05
0.00013040447083767503,1.0,9.999999747378752e-05
0.00013032220886088908,1.0,9.999999747378752e-05
0.0001302387536270544,1.0,9.999999747378752e-05
0.00013015051081310958,1.0,9.999999747378752e-05
0.0001300670555792749,1.0,9.999999747378752e-05
0.00012998476449865848,1.0,9.999999747378752e-05
0.00012989892275072634,1.0,9.999999747378752e-05
0.0001298094866797328,1.0,9.999999747378752e-05
0.00012972603144589812,1.0,9.999999747378752e-05
0.00012964136840309948,1.0,9.999999747378752e-05
0.00012956387945450842,1.0,9.999999747378752e-05
0.00012946967035531998,1.0,9.999999747378752e-05
0.00012938978034071624,1.0,9.999999747378752e-05
0.00012929918011650443,1.0,9.999999747378752e-05
0.00012922404857818037,1.0,9.999999747378752e-05
0.00012913820683024824,1.0,9.999999747378752e-05
0.0001290535437874496,1.0,9.999999747378752e-05
0.00012896292901132256,1.0,9.999999747378752e-05
0.0001288818457396701,1.0,9.999999747378752e-05
0.00012880076246801764,1.0,9.999999747378752e-05
0.00012871372746303678,1.0,9.999999747378752e-05
0.00012862906442023814,1.0,9.999999747378752e-05
0.0001285384496441111,1.0,9.999999747378752e-05
0.00012844902812503278,1.0,9.999999747378752e-05
0.0001283715246245265,1.0,9.999999747378752e-05
0.00012827971659135073,1.0,9.999999747378752e-05
0.00012820339179597795,1.0,9.999999747378752e-05
0.00012811039050575346,1.0,9.999999747378752e-05
0.00012803050049114972,1.0,9.999999747378752e-05
0.0001279446587432176,1.0,9.999999747378752e-05
0.00012786596198566258,1.0,9.999999747378752e-05
0.00012778249219991267,1.0,9.999999747378752e-05
0.00012769665045198053,1.0,9.999999747378752e-05
0.000127607214380987,1.0,9.999999747378752e-05
0.0001275297108804807,1.0,9.999999747378752e-05
0.00012743791739922017,1.0,9.999999747378752e-05
0.00012735444761347026,1.0,9.999999747378752e-05
0.00012727099237963557,1.0,9.999999747378752e-05
0.00012718752259388566,1.0,9.999999747378752e-05
0.00012709927977994084,1.0,9.999999747378752e-05
0.00012701940431725234,1.0,9.999999747378752e-05
0.00012693235476035625,1.0,9.999999747378752e-05
0.00012684888497460634,1.0,9.999999747378752e-05
0.00012676662299782038,1.0,9.999999747378752e-05
0.00012667958799283952,1.0,9.999999747378752e-05
0.0001265949395019561,1.0,9.999999747378752e-05
0.00012651982251554728,1.0,9.999999747378752e-05
0.00012642203364521265,1.0,9.999999747378752e-05
0.00012634214363060892,1.0,9.999999747378752e-05
0.00012625868839677423,1.0,9.999999747378752e-05
0.00012617401080206037,1.0,9.999999747378752e-05
0.000126085797091946,1.0,9.999999747378752e-05
0.00012600472837220877,1.0,9.999999747378752e-05
0.0001259224518435076,1.0,9.999999747378752e-05
0.00012584016076289117,1.0,9.999999747378752e-05
0.00012574836728163064,1.0,9.999999747378752e-05
0.00012566967052407563,1.0,9.999999747378752e-05
0.00012557786249089986,1.0,9.999999747378752e-05
0.00012549916573334485,1.0,9.999999747378752e-05
0.0001254133094334975,1.0,9.999999747378752e-05
0.00012532627442851663,1.0,9.999999747378752e-05
0.00012524996418505907,1.0,9.999999747378752e-05
0.00012515696289483458,1.0,9.999999747378752e-05
0.0001250794593943283,1.0,9.999999747378752e-05
0.00012499479635152966,1.0,9.999999747378752e-05
0.00012491014786064625,1.0,9.999999747378752e-05
0.00012482667807489634,1.0,9.999999747378752e-05
0.00012474202958401293,1.0,9.999999747378752e-05
0.00012465738109312952,1.0,9.999999747378752e-05
0.00012456794502213597,1.0,9.999999747378752e-05
0.00012448805500753224,1.0,9.999999747378752e-05
0.00012440458522178233,1.0,9.999999747378752e-05
0.00012431993673089892,1.0,9.999999747378752e-05
0.00012424004671629518,1.0,9.999999747378752e-05
0.00012414823868311942,1.0,9.999999747378752e-05
0.000124063590192236,1.0,9.999999747378752e-05
0.00012398250692058355,1.0,9.999999747378752e-05
0.0001238966651726514,1.0,9.999999747378752e-05
0.00012381795386318117,1.0,9.999999747378752e-05
0.00012372735363896936,1.0,9.999999747378752e-05
0.00012364865688141435,1.0,9.999999747378752e-05
0.00012356518709566444,1.0,9.999999747378752e-05
0.00012347694428171962,1.0,9.999999747378752e-05
0.00012338990927673876,1.0,9.999999747378752e-05
0.00012330763274803758,1.0,9.999999747378752e-05
0.00012322775728534907,1.0,9.999999747378752e-05
0.00012313593470025808,1.0,9.999999747378752e-05
0.00012305963900871575,1.0,9.999999747378752e-05
0.00012297616922296584,1.0,9.999999747378752e-05
0.00012289629376027733,1.0,9.999999747378752e-05
0.0001228068576892838,1.0,9.999999747378752e-05
0.00012271506420802325,1.0,9.999999747378752e-05
0.0001226304011652246,1.0,9.999999747378752e-05
0.00012255409092176706,1.0,9.999999747378752e-05
0.00012247539416421205,1.0,9.999999747378752e-05
0.00012238716590218246,1.0,9.999999747378752e-05
0.00012230250285938382,1.0,9.999999747378752e-05
0.000122227385872975,1.0,9.999999747378752e-05
0.00012213557783979923,1.0,9.999999747378752e-05
0.00012204853555886075,1.0,9.999999747378752e-05
0.00012195911403978243,1.0,9.999999747378752e-05
0.0001218887628056109,1.0,9.999999747378752e-05
0.00012179218902019784,1.0,9.999999747378752e-05
0.00012170871923444793,1.0,9.999999747378752e-05
0.00012162882921984419,1.0,9.999999747378752e-05
0.00012155371950939298,1.0,9.999999747378752e-05
0.0001214666772284545,1.0,9.999999747378752e-05
0.0001213784416904673,1.0,9.999999747378752e-05
0.000121294979180675,1.0,9.999999747378752e-05
0.00012121867621317506,1.0,9.999999747378752e-05
0.0001211280541610904,1.0,9.999999747378752e-05
0.00012104697816539556,1.0,9.999999747378752e-05
0.00012096352293156087,1.0,9.999999747378752e-05
0.00012087885261280462,1.0,9.999999747378752e-05
0.00012078942381776869,1.0,9.999999747378752e-05
0.00012070716184098274,1.0,9.999999747378752e-05
0.00012062846508342773,1.0,9.999999747378752e-05
0.00012054261605953798,1.0,9.999999747378752e-05
0.00012046513438690454,1.0,9.999999747378752e-05
0.00012037449778290465,1.0,9.999999747378752e-05
0.00012029461504425853,1.0,9.999999747378752e-05
0.00012020757276332006,1.0,9.999999747378752e-05
0.00012012530351057649,1.0,9.999999747378752e-05
0.0001200418482767418,1.0,9.999999747378752e-05
0.00011996435205219314,1.0,9.999999747378752e-05
0.0001198701502289623,1.0,9.999999747378752e-05
0.00011979143891949207,1.0,9.999999747378752e-05
0.00011970561172347516,1.0,9.999999747378752e-05
0.00011963048746110871,1.0,9.999999747378752e-05
0.00011954703222727403,1.0,9.999999747378752e-05
0.00011945641017518938,1.0,9.999999747378752e-05
0.0001193753196275793,1.0,9.999999747378752e-05
0.00011929187166970223,1.0,9.999999747378752e-05
0.00011920959514100105,1.0,9.999999747378752e-05
0.00011913089838344604,1.0,9.999999747378752e-05
0.00011903670383617282,1.0,9.999999747378752e-05
0.00011895682837348431,1.0,9.999999747378752e-05
0.00011887811706401408,1.0,9.999999747378752e-05
0.00011878990335389972,1.0,9.999999747378752e-05
0.00011871120659634471,1.0,9.999999747378752e-05
0.00011863250256283209,1.0,9.999999747378752e-05
0.00011854428157676011,1.0,9.999999747378752e-05
0.00011846082634292543,1.0,9.999999747378752e-05
0.00011837497004307806,1.0,9.999999747378752e-05
0.00011830103903776035,1.0,9.999999747378752e-05
0.00011821041698567569,1.0,9.999999747378752e-05
0.00011812815500888973,1.0,9.999999747378752e-05
0.00011804707173723727,1.0,9.999999747378752e-05
0.0001179540777229704,1.0,9.999999747378752e-05
0.00011787896073656157,1.0,9.999999747378752e-05
0.00011779429041780531,1.0,9.999999747378752e-05
0.00011771680874517187,1.0,9.999999747378752e-05
0.00011762737995013595,1.0,9.999999747378752e-05
0.00011755106970667839,1.0,9.999999747378752e-05
0.00011746760719688609,1.0,9.999999747378752e-05
0.00011738771718228236,1.0,9.999999747378752e-05
0.0001173066339106299,1.0,9.999999747378752e-05
0.00011721960618160665,1.0,9.999999747378752e-05
0.00011713971616700292,1.0,9.999999747378752e-05
0.00011705505312420428,1.0,9.999999747378752e-05
0.00011696087312884629,1.0,9.999999747378752e-05
0.00011688694939948618,1.0,9.999999747378752e-05
0.00011680468014674261,1.0,9.999999747378752e-05
0.00011672836990328506,1.0,9.999999747378752e-05
0.00011664132762234658,1.0,9.999999747378752e-05
0.0001165578723885119,1.0,9.999999747378752e-05
0.00011647678911685944,1.0,9.999999747378752e-05
0.00011639332660706714,1.0,9.999999747378752e-05
0.0001163170236395672,1.0,9.999999747378752e-05
0.00011622640158748254,1.0,9.999999747378752e-05
0.00011614055256359279,1.0,9.999999747378752e-05
0.00011606305633904412,1.0,9.999999747378752e-05
0.00011598673881962895,1.0,9.999999747378752e-05
0.00011590209032874554,1.0,9.999999747378752e-05
0.00011581862054299563,1.0,9.999999747378752e-05
0.00011573754454730079,1.0,9.999999747378752e-05
0.0001156540893134661,1.0,9.999999747378752e-05
0.00011557181278476492,1.0,9.999999747378752e-05
0.00011548955080797896,1.0,9.999999747378752e-05
0.00011541086132638156,1.0,9.999999747378752e-05
0.00011533096403582022,1.0,9.999999747378752e-05
0.00011524272849783301,1.0,9.999999747378752e-05
0.00011515927326399833,1.0,9.999999747378752e-05
0.00011507581075420603,1.0,9.999999747378752e-05
0.00011499712127260864,1.0,9.999999747378752e-05
0.00011492319754324853,1.0,9.999999747378752e-05
0.00011483854905236512,1.0,9.999999747378752e-05
0.00011475149221951142,1.0,9.999999747378752e-05
0.00011466923024272546,1.0,9.999999747378752e-05
0.00011459172674221918,1.0,9.999999747378752e-05
0.00011451542377471924,1.0,9.999999747378752e-05
0.00011443077528383583,1.0,9.999999747378752e-05
0.00011434492625994608,1.0,9.999999747378752e-05
0.00011426502896938473,1.0,9.999999747378752e-05
0.00011418276699259877,1.0,9.999999747378752e-05
0.00011409691796870902,1.0,9.999999747378752e-05
0.0001140170352300629,1.0,9.999999747378752e-05
0.00011393594468245283,1.0,9.999999747378752e-05
0.00011384890240151435,1.0,9.999999747378752e-05
0.00011377499322406948,1.0,9.999999747378752e-05
0.00011369153799023479,1.0,9.999999747378752e-05
0.00011361045471858233,1.0,9.999999747378752e-05
0.00011353296576999128,1.0,9.999999747378752e-05
0.00011345664825057611,1.0,9.999999747378752e-05
0.00011336603347444907,1.0,9.999999747378752e-05
0.0001132885372499004,1.0,9.999999747378752e-05
0.0001132050747401081,1.0,9.999999747378752e-05
0.0001131275639636442,1.0,9.999999747378752e-05
0.00011304410145385191,1.0,9.999999747378752e-05
0.00011296779848635197,1.0,9.999999747378752e-05
0.00011288075620541349,1.0,9.999999747378752e-05
0.0001127973009715788,1.0,9.999999747378752e-05
0.00011272097617620602,1.0,9.999999747378752e-05
0.00011263634223723784,1.0,9.999999747378752e-05
0.00011255883873673156,1.0,9.999999747378752e-05
0.00011248252121731639,1.0,9.999999747378752e-05
0.00011239549348829314,1.0,9.999999747378752e-05
0.00011231321695959195,1.0,9.999999747378752e-05
0.0001122369067161344,1.0,9.999999747378752e-05
0.00011215225822525099,1.0,9.999999747378752e-05
0.00011207594798179343,1.0,9.999999747378752e-05
0.00011199247819604352,1.0,9.999999747378752e-05
0.00011191617522854358,1.0,9.999999747378752e-05
0.00011182794696651399,1.0,9.999999747378752e-05
0.0001117492574849166,1.0,9.999999747378752e-05
0.00011166936747031286,1.0,9.999999747378752e-05
0.0001115978229790926,1.0,9.999999747378752e-05
0.00011150721547892317,1.0,9.999999747378752e-05
0.0001114356709877029,1.0,9.999999747378752e-05
0.00011135578824905679,1.0,9.999999747378752e-05
0.00011126040772069246,1.0,9.999999747378752e-05
0.00011118171096313745,1.0,9.999999747378752e-05
0.00011111256026197225,1.0,9.999999747378752e-05
0.00011103029100922868,1.0,9.999999747378752e-05
0.0001109480217564851,1.0,9.999999747378752e-05
0.00011087052553193644,1.0,9.999999747378752e-05
0.00011078944226028398,1.0,9.999999747378752e-05
0.00011071313929278404,1.0,9.999999747378752e-05
0.00011062491103075445,1.0,9.999999747378752e-05
0.0001105438350350596,1.0,9.999999747378752e-05
0.00011047109728679061,1.0,9.999999747378752e-05
0.00011038763477699831,1.0,9.999999747378752e-05
0.00011031609028577805,1.0,9.999999747378752e-05
0.00011023263505194336,1.0,9.999999747378752e-05
0.00011014559277100489,1.0,9.999999747378752e-05
0.00011006570275640115,1.0,9.999999747378752e-05
0.00010999178630299866,1.0,9.999999747378752e-05
0.00010990476584993303,1.0,9.999999747378752e-05
0.00010982725507346913,1.0,9.999999747378752e-05
0.00010975214536301792,1.0,9.999999747378752e-05
0.00010966868285322562,1.0,9.999999747378752e-05
0.00010958879283862188,1.0,9.999999747378752e-05
0.00010950889554806054,1.0,9.999999747378752e-05
0.00010943498637061566,1.0,9.999999747378752e-05
0.00010935391037492082,1.0,9.999999747378752e-05
0.00010927164112217724,1.0,9.999999747378752e-05
0.00010919653141172603,1.0,9.999999747378752e-05
0.00010911902063526213,1.0,9.999999747378752e-05
0.00010903675865847617,1.0,9.999999747378752e-05
0.0001089544894057326,1.0,9.999999747378752e-05
0.00010887579992413521,1.0,9.999999747378752e-05
0.0001088030548999086,1.0,9.999999747378752e-05
0.00010872080019908026,1.0,9.999999747378752e-05
0.00010864211071748286,1.0,9.999999747378752e-05
0.00010855506116058677,1.0,9.999999747378752e-05
0.00010848233796423301,1.0,9.999999747378752e-05
0.00010840840695891529,1.0,9.999999747378752e-05
0.00010832017142092809,1.0,9.999999747378752e-05
0.00010824744822457433,1.0,9.999999747378752e-05
0.00010817114525707439,1.0,9.999999747378752e-05
0.00010809126251842827,1.0,9.999999747378752e-05
0.0001080101792467758,1.0,9.999999747378752e-05
0.00010793386900331825,1.0,9.999999747378752e-05
0.00010785042104544118,1.0,9.999999747378752e-05
0.0001077788692782633,1.0,9.999999747378752e-05
0.00010769541404442862,1.0,9.999999747378752e-05
0.00010761552402982488,1.0,9.999999747378752e-05
0.00010754398681456223,1.0,9.999999747378752e-05
0.000107462918094825,1.0,9.999999747378752e-05
0.00010737826232798398,1.0,9.999999747378752e-05
0.0001073007588274777,1.0,9.999999747378752e-05
0.00010722803563112393,1.0,9.999999747378752e-05
0.00010715411190176383,1.0,9.999999747378752e-05
0.00010706827015383169,1.0,9.999999747378752e-05
0.00010699076665332541,1.0,9.999999747378752e-05
0.0001069120698957704,1.0,9.999999747378752e-05
0.00010683575965231284,1.0,9.999999747378752e-05
0.00010675707744667307,1.0,9.999999747378752e-05
0.0001066855329554528,1.0,9.999999747378752e-05
0.00010659611143637449,1.0,9.999999747378752e-05
0.00010652338096406311,1.0,9.999999747378752e-05
0.00010644707072060555,1.0,9.999999747378752e-05
0.00010637196101015434,1.0,9.999999747378752e-05
0.00010628849850036204,1.0,9.999999747378752e-05
0.00010621099499985576,1.0,9.999999747378752e-05
0.00010613469203235582,1.0,9.999999747378752e-05
0.00010605361603666097,1.0,9.999999747378752e-05
0.0001059797068592161,1.0,9.999999747378752e-05
0.00010589265002636239,1.0,9.999999747378752e-05
0.00010582112008705735,1.0,9.999999747378752e-05
0.00010574957559583709,1.0,9.999999747378752e-05
0.00010566492710495368,1.0,9.999999747378752e-05
0.0001055874236044474,1.0,9.999999747378752e-05
0.0001055182729032822,1.0,9.999999747378752e-05
0.00010543600365053862,1.0,9.999999747378752e-05
0.00010536328045418486,1.0,9.999999747378752e-05
0.00010527982522035018,1.0,9.999999747378752e-05
0.00010520589421503246,1.0,9.999999747378752e-05
0.00010512959124753252,1.0,9.999999747378752e-05
0.00010505089448997751,1.0,9.999999747378752e-05
0.000104971019027289,1.0,9.999999747378752e-05
0.000104892322269734,1.0,9.999999747378752e-05
0.000104819584521465,1.0,9.999999747378752e-05
0.00010473732982063666,1.0,9.999999747378752e-05
0.00010466339881531894,1.0,9.999999747378752e-05
0.00010458470933372155,1.0,9.999999747378752e-05
0.00010451078560436144,1.0,9.999999747378752e-05
0.00010443208884680644,1.0,9.999999747378752e-05
0.00010435937292641029,1.0,9.999999747378752e-05
0.0001042770963977091,1.0,9.999999747378752e-05
0.00010420437320135534,1.0,9.999999747378752e-05
0.00010413044219603762,1.0,9.999999747378752e-05
0.00010405175271444023,1.0,9.999999747378752e-05
0.0001039766357280314,1.0,9.999999747378752e-05
0.00010389555973233655,1.0,9.999999747378752e-05
0.00010382045002188534,1.0,9.999999747378752e-05
0.0001037500987877138,1.0,9.999999747378752e-05
0.0001036714093061164,1.0,9.999999747378752e-05
0.00010359390580561012,1.0,9.999999747378752e-05
0.0001035187960951589,1.0,9.999999747378752e-05
0.00010342936730012298,1.0,9.999999747378752e-05
0.00010336260311305523,1.0,9.999999747378752e-05
0.00010328630014555529,1.0,9.999999747378752e-05
0.00010321595618734136,1.0,9.999999747378752e-05
0.0001031336942105554,1.0,9.999999747378752e-05
0.00010305976320523769,1.0,9.999999747378752e-05
0.00010298226698068902,1.0,9.999999747378752e-05
0.00010290476348018274,1.0,9.999999747378752e-05
0.00010283204755978659,1.0,9.999999747378752e-05
0.00010275573731632903,1.0,9.999999747378752e-05
0.00010267585457768291,1.0,9.999999747378752e-05
0.0001026066966005601,1.0,9.999999747378752e-05
0.00010253039363306016,1.0,9.999999747378752e-05
0.00010245884914183989,1.0,9.999999747378752e-05
0.00010237658716505393,1.0,9.999999747378752e-05
0.00010230504994979128,1.0,9.999999747378752e-05
0.00010222515993518755,1.0,9.999999747378752e-05
0.00010215242218691856,1.0,9.999999747378752e-05
0.00010207612649537623,1.0,9.999999747378752e-05
0.00010199862299486995,1.0,9.999999747378752e-05
0.00010191874753218144,1.0,9.999999747378752e-05
0.00010185079008806497,1.0,9.999999747378752e-05
0.00010177448712056503,1.0,9.999999747378752e-05
0.00010169936285819858,1.0,9.999999747378752e-05
0.00010162901162402704,1.0,9.999999747378752e-05
0.00010155033669434488,1.0,9.999999747378752e-05
0.00010147401917492971,1.0,9.999999747378752e-05
0.00010140248923562467,1.0,9.999999747378752e-05
0.00010132021270692348,1.0,9.999999747378752e-05
0.00010125940752914175,1.0,9.999999747378752e-05
0.0001011771455523558,1.0,9.999999747378752e-05
0.00010110322182299569,1.0,9.999999747378752e-05
0.00010102215310325846,1.0,9.999999747378752e-05
0.0001009506086120382,1.0,9.999999747378752e-05
0.00010087430564453825,1.0,9.999999747378752e-05
0.00010079918138217181,1.0,9.999999747378752e-05
0.00010073242447106168,1.0,9.999999747378752e-05
0.00010065372771350667,1.0,9.999999747378752e-05
0.00010057980398414657,1.0,9.999999747378752e-05
0.00010050111450254917,1.0,9.999999747378752e-05
0.0001004236182780005,1.0,9.999999747378752e-05
0.00010035565355792642,1.0,9.999999747378752e-05
0.00010027935786638409,1.0,9.999999747378752e-05
0.00010021257912740111,1.0,9.999999747378752e-05
0.0001001279306365177,1.0,9.999999747378752e-05
0.00010005757940234616,1.0,9.999999747378752e-05
9.99800831777975e-05,1.0,9.999999747378752e-05
9.990736725740135e-05,1.0,9.999999747378752e-05
9.983582276618108e-05,1.0,9.999999747378752e-05
9.976429282687604e-05,1.0,9.999999747378752e-05
9.968559606932104e-05,1.0,9.999999747378752e-05
9.961525938706473e-05,1.0,9.999999747378752e-05
9.953297558240592e-05,1.0,9.999999747378752e-05
9.9462631624192e-05,1.0,9.999999747378752e-05
9.938752191374078e-05,1.0,9.999999747378752e-05
9.931121894624084e-05,1.0,9.999999747378752e-05
9.923728794092312e-05,1.0,9.999999747378752e-05
9.91717170109041e-05,1.0,9.999999747378752e-05
9.909184882417321e-05,1.0,9.999999747378752e-05
9.901911107590422e-05,1.0,9.999999747378752e-05
9.894756658468395e-05,1.0,9.999999747378752e-05
9.88700776360929e-05,1.0,9.999999747378752e-05
9.87961539067328e-05,1.0,9.999999747378752e-05
9.87234161584638e-05,1.0,9.999999747378752e-05
9.865665197139606e-05,1.0,9.999999747378752e-05
9.857200348051265e-05,1.0,9.999999747378752e-05
9.850046626525e-05,1.0,9.999999747378752e-05
9.843370207818225e-05,1.0,9.999999747378752e-05
9.835977834882215e-05,1.0,9.999999747378752e-05
9.828466863837093e-05,1.0,9.999999747378752e-05
9.821073763305321e-05,1.0,9.999999747378752e-05
9.813682117965072e-05,1.0,9.999999747378752e-05
9.806767775444314e-05,1.0,9.999999747378752e-05
9.799375402508304e-05,1.0,9.999999747378752e-05
9.791743650566787e-05,1.0,9.999999747378752e-05
9.783756831893697e-05,1.0,9.999999747378752e-05
9.776841034181416e-05,1.0,9.999999747378752e-05
9.769210737431422e-05,1.0,9.999999747378752e-05
9.762890840647742e-05,1.0,9.999999747378752e-05
9.755022620083764e-05,1.0,9.999999747378752e-05
9.748345473781228e-05,1.0,9.999999747378752e-05
9.740833775140345e-05,1.0,9.999999747378752e-05
9.733203478390351e-05,1.0,9.999999747378752e-05
9.726526332087815e-05,1.0,9.999999747378752e-05
9.718658111523837e-05,1.0,9.999999747378752e-05
9.711861639516428e-05,1.0,9.999999747378752e-05
9.704112017061561e-05,1.0,9.999999747378752e-05
9.69719621934928e-05,1.0,9.999999747378752e-05
9.690042497823015e-05,1.0,9.999999747378752e-05
9.682173549663275e-05,1.0,9.999999747378752e-05
9.675019100541249e-05,1.0,9.999999747378752e-05
9.667986159911379e-05,1.0,9.999999747378752e-05
9.660475188866258e-05,1.0,9.999999747378752e-05
9.654035966377705e-05,1.0,9.999999747378752e-05
9.646047692513093e-05,1.0,9.999999747378752e-05
9.63901256909594e-05,1.0,9.999999747378752e-05
9.632217552280053e-05,1.0,9.999999747378752e-05
9.625302482163534e-05,1.0,9.999999747378752e-05
9.617433534003794e-05,1.0,9.999999747378752e-05
9.61039841058664e-05,1.0,9.999999747378752e-05
9.602767386240885e-05,1.0,9.999999747378752e-05
9.596092422725633e-05,1.0,9.999999747378752e-05
9.58858072408475e-05,1.0,9.999999747378752e-05
9.58178352448158e-05,1.0,9.999999747378752e-05
9.574510477250442e-05,1.0,9.999999747378752e-05
9.567596862325445e-05,1.0,9.999999747378752e-05
9.559846512274817e-05,1.0,9.999999747378752e-05
9.552694245940074e-05,1.0,9.999999747378752e-05
9.545300417812541e-05,1.0,9.999999747378752e-05
9.53886192291975e-05,1.0,9.999999747378752e-05
9.531588875688612e-05,1.0,9.999999747378752e-05
9.524793131276965e-05,1.0,9.999999747378752e-05
9.517162834526971e-05,1.0,9.999999747378752e-05
9.510367090115324e-05,1.0,9.999999747378752e-05
9.502855391474441e-05,1.0,9.999999747378752e-05
9.495701669948176e-05,1.0,9.999999747378752e-05
9.489025978837162e-05,1.0,9.999999747378752e-05
9.482108725933358e-05,1.0,9.999999747378752e-05
9.474717080593109e-05,1.0,9.999999747378752e-05
9.466968185734004e-05,1.0,9.999999747378752e-05
9.46041036513634e-05,1.0,9.999999747378752e-05
9.452780068386346e-05,1.0,9.999999747378752e-05
9.445268369745463e-05,1.0,9.999999747378752e-05
9.438711276743561e-05,1.0,9.999999747378752e-05
9.431796206627041e-05,1.0,9.999999747378752e-05
9.424999007023871e-05,1.0,9.999999747378752e-05
9.417608089279383e-05,1.0,9.999999747378752e-05
9.41045509534888e-05,1.0,9.999999747378752e-05
9.404135926160961e-05,1.0,9.999999747378752e-05
9.396744280820712e-05,1.0,9.999999747378752e-05
9.389588376507163e-05,1.0,9.999999747378752e-05
9.382078133057803e-05,1.0,9.999999747378752e-05
9.375401714351028e-05,1.0,9.999999747378752e-05
9.368605969939381e-05,1.0,9.999999747378752e-05
9.36109499889426e-05,1.0,9.999999747378752e-05
9.354299254482612e-05,1.0,9.999999747378752e-05
9.347382729174569e-05,1.0,9.999999747378752e-05
9.340707038063556e-05,1.0,9.999999747378752e-05
9.332957415608689e-05,1.0,9.999999747378752e-05
9.325921564595774e-05,1.0,9.999999747378752e-05
9.319603123003617e-05,1.0,9.999999747378752e-05
9.312331530964002e-05,1.0,9.999999747378752e-05
9.304580453317612e-05,1.0,9.999999747378752e-05
9.298620716435835e-05,1.0,9.999999747378752e-05
9.291346941608936e-05,1.0,9.999999747378752e-05
9.284311818191782e-05,1.0,9.999999747378752e-05
9.27715955185704e-05,1.0,9.999999747378752e-05
9.270125156035647e-05,1.0,9.999999747378752e-05
9.263447282137349e-05,1.0,9.999999747378752e-05
9.256412886315957e-05,1.0,9.999999747378752e-05
9.24925843719393e-05,1.0,9.999999747378752e-05
9.242582746082917e-05,1.0,9.999999747378752e-05
9.235788456862792e-05,1.0,9.999999747378752e-05
9.22839535633102e-05,1.0,9.999999747378752e-05
9.221599611919373e-05,1.0,9.999999747378752e-05
9.215041063725948e-05,1.0,9.999999747378752e-05
9.2076494183857e-05,1.0,9.999999747378752e-05
9.201330976793543e-05,1.0,9.999999747378752e-05
9.194295853376389e-05,1.0,9.999999747378752e-05
9.187261457554996e-05,1.0,9.999999747378752e-05
9.180346387438476e-05,1.0,9.999999747378752e-05
9.172835416393355e-05,1.0,9.999999747378752e-05
9.16615899768658e-05,1.0,9.999999747378752e-05
9.159481123788282e-05,1.0,9.999999747378752e-05
9.152209531748667e-05,1.0,9.999999747378752e-05
9.145770309260115e-05,1.0,9.999999747378752e-05
9.138974564848468e-05,1.0,9.999999747378752e-05
9.132059494731948e-05,1.0,9.999999747378752e-05
9.125741053139791e-05,1.0,9.999999747378752e-05
9.117872104980052e-05,1.0,9.999999747378752e-05
9.111434337683022e-05,1.0,9.999999747378752e-05
9.10451853997074e-05,1.0,9.999999747378752e-05
9.097961446968839e-05,1.0,9.999999747378752e-05
9.090806997846812e-05,1.0,9.999999747378752e-05
9.084130579140037e-05,1.0,9.999999747378752e-05
9.077454160433263e-05,1.0,9.999999747378752e-05
9.069943189388141e-05,1.0,9.999999747378752e-05
9.063861216418445e-05,1.0,9.999999747378752e-05
9.056828275788575e-05,1.0,9.999999747378752e-05
9.049435902852565e-05,1.0,9.999999747378752e-05
9.043116006068885e-05,1.0,9.999999747378752e-05
9.036083065439016e-05,1.0,9.999999747378752e-05
9.028809290612116e-05,1.0,9.999999747378752e-05
9.022370795719326e-05,1.0,9.999999747378752e-05
9.015455725602806e-05,1.0,9.999999747378752e-05
9.008898632600904e-05,1.0,9.999999747378752e-05
9.001744911074638e-05,1.0,9.999999747378752e-05
8.995305688586086e-05,1.0,9.999999747378752e-05
8.989225898403674e-05,1.0,9.999999747378752e-05
8.98159560165368e-05,1.0,9.999999747378752e-05
8.975276432465762e-05,1.0,9.999999747378752e-05
8.968600013758987e-05,1.0,9.999999747378752e-05
8.961565617937595e-05,1.0,9.999999747378752e-05
8.954532677307725e-05,1.0,9.999999747378752e-05
8.948094182414934e-05,1.0,9.999999747378752e-05
8.941297710407525e-05,1.0,9.999999747378752e-05
8.934143261285499e-05,1.0,9.999999747378752e-05
8.927824819693342e-05,1.0,9.999999747378752e-05
8.921268454287201e-05,1.0,9.999999747378752e-05
8.913994679460302e-05,1.0,9.999999747378752e-05
8.907318988349289e-05,1.0,9.999999747378752e-05
8.900759712560102e-05,1.0,9.999999747378752e-05
8.8942026195582e-05,1.0,9.999999747378752e-05
8.887407602742314e-05,1.0,9.999999747378752e-05
8.880253881216049e-05,1.0,9.999999747378752e-05
8.874410559656098e-05,1.0,9.999999747378752e-05
8.867615542840213e-05,1.0,9.999999747378752e-05
8.860819070832804e-05,1.0,9.999999747378752e-05
8.853904728312045e-05,1.0,9.999999747378752e-05
8.84722830960527e-05,1.0,9.999999747378752e-05
8.84078981471248e-05,1.0,9.999999747378752e-05
8.833636820781976e-05,1.0,9.999999747378752e-05
8.827555575408041e-05,1.0,9.999999747378752e-05
8.820759830996394e-05,1.0,9.999999747378752e-05
8.814322063699365e-05,1.0,9.999999747378752e-05
8.807049016468227e-05,1.0,9.999999747378752e-05
8.800729847280309e-05,1.0,9.999999747378752e-05
8.794052700977772e-05,1.0,9.999999747378752e-05
8.786661783233285e-05,1.0,9.999999747378752e-05
8.780461939750239e-05,1.0,9.999999747378752e-05
8.774262096267194e-05,1.0,9.999999747378752e-05
8.767347026150674e-05,1.0,9.999999747378752e-05
8.761385106481612e-05,1.0,9.999999747378752e-05
8.754112786846235e-05,1.0,9.999999747378752e-05
8.747674291953444e-05,1.0,9.999999747378752e-05
8.740878547541797e-05,1.0,9.999999747378752e-05
8.735274604987353e-05,1.0,9.999999747378752e-05
8.728717511985451e-05,1.0,9.999999747378752e-05
8.721563790459186e-05,1.0,9.999999747378752e-05
8.715007425053045e-05,1.0,9.999999747378752e-05
8.708210953045636e-05,1.0,9.999999747378752e-05
8.701652404852211e-05,1.0,9.999999747378752e-05
8.694857388036326e-05,1.0,9.999999747378752e-05
8.688301022630185e-05,1.0,9.999999747378752e-05
8.681981853442267e-05,1.0,9.999999747378752e-05
8.674946730025113e-05,1.0,9.999999747378752e-05
8.668508962728083e-05,1.0,9.999999747378752e-05
8.662427717354149e-05,1.0,9.999999747378752e-05
8.656228601466864e-05,1.0,9.999999747378752e-05
8.64919347804971e-05,1.0,9.999999747378752e-05
8.64263711264357e-05,1.0,9.999999747378752e-05
8.635840640636161e-05,1.0,9.999999747378752e-05
8.629760122857988e-05,1.0,9.999999747378752e-05
8.623322355560958e-05,1.0,9.999999747378752e-05
8.616645936854184e-05,1.0,9.999999747378752e-05
8.61008811625652e-05,1.0,9.999999747378752e-05
8.603769674664363e-05,1.0,9.999999747378752e-05
8.597449050284922e-05,1.0,9.999999747378752e-05
8.590535435359925e-05,1.0,9.999999747378752e-05
8.58433559187688e-05,1.0,9.999999747378752e-05
8.577897096984088e-05,1.0,9.999999747378752e-05
8.571340003982186e-05,1.0,9.999999747378752e-05
8.56466285767965e-05,1.0,9.999999747378752e-05
8.557867113268003e-05,1.0,9.999999747378752e-05
8.552025246899575e-05,1.0,9.999999747378752e-05
8.545229502487928e-05,1.0,9.999999747378752e-05
8.53891033330001e-05,1.0,9.999999747378752e-05
8.532234642188996e-05,1.0,9.999999747378752e-05
8.525915473001078e-05,1.0,9.999999747378752e-05
8.519476978108287e-05,1.0,9.999999747378752e-05
8.513635111739859e-05,1.0,9.999999747378752e-05
8.506720041623339e-05,1.0,9.999999747378752e-05
8.500520198140293e-05,1.0,9.999999747378752e-05
8.493486529914662e-05,1.0,9.999999747378752e-05
8.48800118546933e-05,1.0,9.999999747378752e-05
8.480848919134587e-05,1.0,9.999999747378752e-05
8.474768401356414e-05,1.0,9.999999747378752e-05
8.46773327793926e-05,1.0,9.999999747378752e-05
8.461891411570832e-05,1.0,9.999999747378752e-05
8.455095667159185e-05,1.0,9.999999747378752e-05
8.449134475085884e-05,1.0,9.999999747378752e-05
8.44245805637911e-05,1.0,9.999999747378752e-05
8.436378266196698e-05,1.0,9.999999747378752e-05
8.429819718003273e-05,1.0,9.999999747378752e-05
8.423500548815355e-05,1.0,9.999999747378752e-05
8.417063509114087e-05,1.0,9.999999747378752e-05
8.410504960920662e-05,1.0,9.999999747378752e-05
8.404185791732743e-05,1.0,9.999999747378752e-05
8.39798740344122e-05,1.0,9.999999747378752e-05
8.392144809477031e-05,1.0,9.999999747378752e-05
8.385468390770257e-05,1.0,9.999999747378752e-05
8.379029895877466e-05,1.0,9.999999747378752e-05
8.372592128580436e-05,1.0,9.999999747378752e-05
8.366272959392518e-05,1.0,9.999999747378752e-05
8.360073115909472e-05,1.0,9.999999747378752e-05
8.353753946721554e-05,1.0,9.999999747378752e-05
8.348030678462237e-05,1.0,9.999999747378752e-05
8.341712964465842e-05,1.0,9.999999747378752e-05
8.334917220054194e-05,1.0,9.999999747378752e-05
8.328240073751658e-05,1.0,9.999999747378752e-05
8.322159555973485e-05,1.0,9.999999747378752e-05
8.31595971249044e-05,1.0,9.999999747378752e-05
8.309759869007394e-05,1.0,9.999999747378752e-05
8.303202776005492e-05,1.0,9.999999747378752e-05
8.297599561046809e-05,1.0,9.999999747378752e-05
8.2908030890394e-05,1.0,9.999999747378752e-05
8.284842624561861e-05,1.0,9.999999747378752e-05
8.277807501144707e-05,1.0,9.999999747378752e-05
8.27148905955255e-05,1.0,9.999999747378752e-05
8.265766518888995e-05,1.0,9.999999747378752e-05
8.259686728706583e-05,1.0,9.999999747378752e-05
8.253008854808286e-05,1.0,9.999999747378752e-05
8.247406367445365e-05,1.0,9.999999747378752e-05
8.240967872552574e-05,1.0,9.999999747378752e-05
8.234768029069528e-05,1.0,9.999999747378752e-05
8.22844885988161e-05,1.0,9.999999747378752e-05
8.222487667808309e-05,1.0,9.999999747378752e-05
8.216287824325264e-05,1.0,9.999999747378752e-05
8.21020730654709e-05,1.0,9.999999747378752e-05
8.2037688116543e-05,1.0,9.999999747378752e-05
8.197568968171254e-05,1.0,9.999999747378752e-05
8.191251254174858e-05,1.0,9.999999747378752e-05
8.185051410691813e-05,1.0,9.999999747378752e-05
8.178851567208767e-05,1.0,9.999999747378752e-05
8.172651723725721e-05,1.0,9.999999747378752e-05
8.166334009729326e-05,1.0,9.999999747378752e-05
8.16025203675963e-05,1.0,9.999999747378752e-05
8.154171518981457e-05,1.0,9.999999747378752e-05
8.147614425979555e-05,1.0,9.999999747378752e-05
8.14141531009227e-05,1.0,9.999999747378752e-05
8.135334792314097e-05,1.0,9.999999747378752e-05
8.129850175464526e-05,1.0,9.999999747378752e-05
8.123411680571735e-05,1.0,9.999999747378752e-05
8.11709396657534e-05,1.0,9.999999747378752e-05
8.111132046906278e-05,1.0,9.999999747378752e-05
8.104574226308614e-05,1.0,9.999999747378752e-05
8.099209662759677e-05,1.0,9.999999747378752e-05
8.092890493571758e-05,1.0,9.999999747378752e-05
8.086214802460745e-05,1.0,9.999999747378752e-05
8.080134284682572e-05,1.0,9.999999747378752e-05
8.074649667833e-05,1.0,9.999999747378752e-05
8.0686884757597e-05,1.0,9.999999747378752e-05
8.061892003752291e-05,1.0,9.999999747378752e-05
8.055454236455262e-05,1.0,9.999999747378752e-05
8.050208271015435e-05,1.0,9.999999747378752e-05
8.043532579904422e-05,1.0,9.999999747378752e-05
8.037332736421376e-05,1.0,9.999999747378752e-05
8.03160946816206e-05,1.0,9.999999747378752e-05
8.025170973269269e-05,1.0,9.999999747378752e-05
8.019449160201475e-05,1.0,9.999999747378752e-05
8.01336791482754e-05,1.0,9.999999747378752e-05
8.007168798940256e-05,1.0,9.999999747378752e-05
8.001207606866956e-05,1.0,9.999999747378752e-05
7.996080239536241e-05,1.0,9.999999747378752e-05
7.989403820829466e-05,1.0,9.999999747378752e-05
7.983442628756166e-05,1.0,9.999999747378752e-05
7.977123459568247e-05,1.0,9.999999747378752e-05
7.971162995090708e-05,1.0,9.999999747378752e-05
7.965201803017408e-05,1.0,9.999999747378752e-05
7.959120557643473e-05,1.0,9.999999747378752e-05
7.952921441756189e-05,1.0,9.999999747378752e-05
7.946841651573777e-05,1.0,9.999999747378752e-05
7.940999057609588e-05,1.0,9.999999747378752e-05
7.935276516946033e-05,1.0,9.999999747378752e-05
7.928838022053242e-05,1.0,9.999999747378752e-05
7.923114753793925e-05,1.0,9.999999747378752e-05
7.916916365502402e-05,1.0,9.999999747378752e-05
7.911192369647324e-05,1.0,9.999999747378752e-05
7.90547055657953e-05,1.0,9.999999747378752e-05
7.899270713096485e-05,1.0,9.999999747378752e-05
7.892712892498821e-05,1.0,9.999999747378752e-05
7.887348328949884e-05,1.0,9.999999747378752e-05
7.881506462581456e-05,1.0,9.999999747378752e-05
7.875067967688665e-05,1.0,9.999999747378752e-05
7.869106775615364e-05,1.0,9.999999747378752e-05
7.863383507356048e-05,1.0,9.999999747378752e-05
7.857065793359652e-05,1.0,9.999999747378752e-05
7.851700502214953e-05,1.0,9.999999747378752e-05
7.84514268161729e-05,1.0,9.999999747378752e-05
7.839420140953735e-05,1.0,9.999999747378752e-05
7.834412826923653e-05,1.0,9.999999747378752e-05
7.827975059626624e-05,1.0,9.999999747378752e-05
7.821775216143578e-05,1.0,9.999999747378752e-05
7.815695425961167e-05,1.0,9.999999747378752e-05
7.810210081515834e-05,1.0,9.999999747378752e-05
7.803772314218804e-05,1.0,9.999999747378752e-05
7.798407023074105e-05,1.0,9.999999747378752e-05
7.792207907186821e-05,1.0,9.999999747378752e-05
7.786366040818393e-05,1.0,9.999999747378752e-05
7.781357999192551e-05,1.0,9.999999747378752e-05
7.774443656671792e-05,1.0,9.999999747378752e-05
7.768720388412476e-05,1.0,9.999999747378752e-05
7.762640598230064e-05,1.0,9.999999747378752e-05
7.756440754747018e-05,1.0,9.999999747378752e-05
7.751194789307192e-05,1.0,9.999999747378752e-05
7.745352922938764e-05,1.0,9.999999747378752e-05
7.73974898038432e-05,1.0,9.999999747378752e-05
7.733191887382418e-05,1.0,9.999999747378752e-05
7.728065247647464e-05,1.0,9.999999747378752e-05
7.721746806055307e-05,1.0,9.999999747378752e-05
7.71590493968688e-05,1.0,9.999999747378752e-05
7.710300997132435e-05,1.0,9.999999747378752e-05
7.70410115364939e-05,1.0,9.999999747378752e-05
7.698497938690707e-05,1.0,9.999999747378752e-05
7.692656072322279e-05,1.0,9.999999747378752e-05
7.68729078117758e-05,1.0,9.999999747378752e-05
7.681448187213391e-05,1.0,9.999999747378752e-05
7.675607048440725e-05,1.0,9.999999747378752e-05
7.669526530662552e-05,1.0,9.999999747378752e-05
7.663326687179506e-05,1.0,9.999999747378752e-05
7.657962123630568e-05,1.0,9.999999747378752e-05
7.652954809600487e-05,1.0,9.999999747378752e-05
7.646396989002824e-05,1.0,9.999999747378752e-05
7.640793774044141e-05,1.0,9.999999747378752e-05
7.63530915719457e-05,1.0,9.999999747378752e-05
7.629109313711524e-05,1.0,9.999999747378752e-05
7.623626152053475e-05,1.0,9.999999747378752e-05
7.61742630857043e-05,1.0,9.999999747378752e-05
7.611940964125097e-05,1.0,9.999999747378752e-05
7.606457802467048e-05,1.0,9.999999747378752e-05
7.600734534207731e-05,1.0,9.999999747378752e-05
7.594534690724686e-05,1.0,9.999999747378752e-05
7.589170127175748e-05,1.0,9.999999747378752e-05
7.583685510326177e-05,1.0,9.999999747378752e-05
7.577604992548004e-05,1.0,9.999999747378752e-05
7.572359027108178e-05,1.0,9.999999747378752e-05
7.566637214040384e-05,1.0,9.999999747378752e-05
7.560913945781067e-05,1.0,9.999999747378752e-05
7.554952753707767e-05,1.0,9.999999747378752e-05
7.549230213044211e-05,1.0,9.999999747378752e-05
7.543031097156927e-05,1.0,9.999999747378752e-05
7.538023055531085e-05,1.0,9.999999747378752e-05
7.532419840572402e-05,1.0,9.999999747378752e-05
7.526815898017958e-05,1.0,9.999999747378752e-05
7.521093357354403e-05,1.0,9.999999747378752e-05
7.514416938647628e-05,1.0,9.999999747378752e-05
7.509409624617547e-05,1.0,9.999999747378752e-05
7.503567758249119e-05,1.0,9.999999747378752e-05
7.497605838580057e-05,1.0,9.999999747378752e-05
7.491763972211629e-05,1.0,9.999999747378752e-05
7.486518734367564e-05,1.0,9.999999747378752e-05
7.481153443222865e-05,1.0,9.999999747378752e-05
7.475788879673928e-05,1.0,9.999999747378752e-05
7.469826960004866e-05,1.0,9.999999747378752e-05
7.463866495527327e-05,1.0,9.999999747378752e-05
7.458620530087501e-05,1.0,9.999999747378752e-05
7.452778663719073e-05,1.0,9.999999747378752e-05
7.447413372574374e-05,1.0,9.999999747378752e-05
7.441929483320564e-05,1.0,9.999999747378752e-05
7.435729639837518e-05,1.0,9.999999747378752e-05
7.431080302922055e-05,1.0,9.999999747378752e-05
7.425357034662738e-05,1.0,9.999999747378752e-05
7.41951516829431e-05,1.0,9.999999747378752e-05
7.413911953335628e-05,1.0,9.999999747378752e-05
7.408546662190929e-05,1.0,9.999999747378752e-05
7.402466872008517e-05,1.0,9.999999747378752e-05
7.397340232273564e-05,1.0,9.999999747378752e-05
7.391855615423992e-05,1.0,9.999999747378752e-05
7.386133074760437e-05,1.0,9.999999747378752e-05
7.380291208392009e-05,1.0,9.999999747378752e-05
7.37492591724731e-05,1.0,9.999999747378752e-05
7.369561353698373e-05,1.0,9.999999747378752e-05
7.363838813034818e-05,1.0,9.999999747378752e-05
7.358235598076135e-05,1.0,9.999999747378752e-05
7.352988905040547e-05,1.0,9.999999747378752e-05
7.347266364376992e-05,1.0,9.999999747378752e-05
7.341425225604326e-05,1.0,9.999999747378752e-05
7.336536509683356e-05,1.0,9.999999747378752e-05
7.330455991905183e-05,1.0,9.999999747378752e-05
7.325090700760484e-05,1.0,9.999999747378752e-05
7.319845462916419e-05,1.0,9.999999747378752e-05
7.314718095585704e-05,1.0,9.999999747378752e-05
7.308280328288674e-05,1.0,9.999999747378752e-05
7.302439189516008e-05,1.0,9.999999747378752e-05
7.297431147890165e-05,1.0,9.999999747378752e-05
7.291707879630849e-05,1.0,9.999999747378752e-05
7.286820618901402e-05,1.0,9.999999747378752e-05
7.281097350642085e-05,1.0,9.999999747378752e-05
7.275136886164546e-05,1.0,9.999999747378752e-05
7.270129572134465e-05,1.0,9.999999747378752e-05
7.265121530508623e-05,1.0,9.999999747378752e-05
7.259637641254812e-05,1.0,9.999999747378752e-05
7.253795774886385e-05,1.0,9.999999747378752e-05
7.248788460856304e-05,1.0,9.999999747378752e-05
7.242350693559274e-05,1.0,9.999999747378752e-05
7.23770062904805e-05,1.0,9.999999747378752e-05
7.23233533790335e-05,1.0,9.999999747378752e-05
7.226970774354413e-05,1.0,9.999999747378752e-05
7.221010309876874e-05,1.0,9.999999747378752e-05
7.215882942546159e-05,1.0,9.999999747378752e-05
7.21099495422095e-05,1.0,9.999999747378752e-05
7.205152360256761e-05,1.0,9.999999747378752e-05
7.200026448117569e-05,1.0,9.999999747378752e-05
7.193945930339396e-05,1.0,9.999999747378752e-05
7.18917726771906e-05,1.0,9.999999747378752e-05
7.183573325164616e-05,1.0,9.999999747378752e-05
7.178566011134535e-05,1.0,9.999999747378752e-05
7.17284347047098e-05,1.0,9.999999747378752e-05
7.167240255512297e-05,1.0,9.999999747378752e-05
7.161756366258487e-05,1.0,9.999999747378752e-05
7.1565096732229e-05,1.0,9.999999747378752e-05
7.150906458264217e-05,1.0,9.999999747378752e-05
7.145541167119518e-05,1.0,9.999999747378752e-05
7.140773232094944e-05,1.0,9.999999747378752e-05
7.134573388611898e-05,1.0,9.999999747378752e-05
7.130161975510418e-05,1.0,9.999999747378752e-05
7.124200783437118e-05,1.0,9.999999747378752e-05
7.118596840882674e-05,1.0,9.999999747378752e-05
7.1138289058581e-05,1.0,9.999999747378752e-05
7.108224963303655e-05,1.0,9.999999747378752e-05
7.102741074049845e-05,1.0,9.999999747378752e-05
7.09797241142951e-05,1.0,9.999999747378752e-05
7.09212981746532e-05,1.0,9.999999747378752e-05
7.086407276801765e-05,1.0,9.999999747378752e-05
7.081280637066811e-05,1.0,9.999999747378752e-05
7.07627332303673e-05,1.0,9.999999747378752e-05
7.071623258525506e-05,1.0,9.999999747378752e-05
7.065782119752839e-05,1.0,9.999999747378752e-05
7.060655480017886e-05,1.0,9.999999747378752e-05
7.055409514578059e-05,1.0,9.999999747378752e-05
7.049925625324249e-05,1.0,9.999999747378752e-05
7.044679659884423e-05,1.0,9.999999747378752e-05
7.039433694444597e-05,1.0,9.999999747378752e-05
7.033949077595025e-05,1.0,9.999999747378752e-05
7.029181142570451e-05,1.0,9.999999747378752e-05
7.023219222901389e-05,1.0,9.999999747378752e-05
7.018808537395671e-05,1.0,9.999999747378752e-05
7.012728019617498e-05,1.0,9.999999747378752e-05
7.00784003129229e-05,1.0,9.999999747378752e-05
7.002355414442718e-05,1.0,9.999999747378752e-05
6.99699085089378e-05,1.0,9.999999747378752e-05
6.992341513978317e-05,1.0,9.999999747378752e-05
6.987334199948236e-05,1.0,9.999999747378752e-05
6.981491605984047e-05,1.0,9.999999747378752e-05
6.976364966249093e-05,1.0,9.999999747378752e-05
6.970881804591045e-05,1.0,9.999999747378752e-05
6.965516513446346e-05,1.0,9.999999747378752e-05
6.961105100344867e-05,1.0,9.999999747378752e-05
6.95538183208555e-05,1.0,9.999999747378752e-05
6.950255192350596e-05,1.0,9.999999747378752e-05
6.945009954506531e-05,1.0,9.999999747378752e-05
6.939645390957594e-05,1.0,9.999999747378752e-05
6.934637349331751e-05,1.0,9.999999747378752e-05
6.929034134373069e-05,1.0,9.999999747378752e-05
6.923907494638115e-05,1.0,9.999999747378752e-05
6.919019506312907e-05,1.0,9.999999747378752e-05
6.914012192282826e-05,1.0,9.999999747378752e-05
6.908885552547872e-05,1.0,9.999999747378752e-05
6.903520988998935e-05,1.0,9.999999747378752e-05
6.89779844833538e-05,1.0,9.999999747378752e-05
6.893148383824155e-05,1.0,9.999999747378752e-05
6.888021744089201e-05,1.0,9.999999747378752e-05
6.88301443005912e-05,1.0,9.999999747378752e-05
6.877768464619294e-05,1.0,9.999999747378752e-05
6.872523226775229e-05,1.0,9.999999747378752e-05
6.866562034701928e-05,1.0,9.999999747378752e-05
6.862032023491338e-05,1.0,9.999999747378752e-05
6.856904656160623e-05,1.0,9.999999747378752e-05
6.851898069726303e-05,1.0,9.999999747378752e-05
6.84724873281084e-05,1.0,9.999999747378752e-05
6.841405411250889e-05,1.0,9.999999747378752e-05
6.836041575297713e-05,1.0,9.999999747378752e-05
6.831272185081616e-05,1.0,9.999999747378752e-05
6.826622848166153e-05,1.0,9.999999747378752e-05
6.821138958912343e-05,1.0,9.999999747378752e-05
6.816250970587134e-05,1.0,9.999999747378752e-05
6.811243656557053e-05,1.0,9.999999747378752e-05
6.805639714002609e-05,1.0,9.999999747378752e-05
6.800871051382273e-05,1.0,9.999999747378752e-05
6.79574441164732e-05,1.0,9.999999747378752e-05
6.790617771912366e-05,1.0,9.999999747378752e-05
6.785491132177413e-05,1.0,9.999999747378752e-05
6.78036522003822e-05,1.0,9.999999747378752e-05
6.775834481231868e-05,1.0,9.999999747378752e-05
6.770588515792042e-05,1.0,9.999999747378752e-05
6.765700527466834e-05,1.0,9.999999747378752e-05
6.759739335393533e-05,1.0,9.999999747378752e-05
6.755208596587181e-05,1.0,9.999999747378752e-05
6.749844033038244e-05,1.0,9.999999747378752e-05
6.745075370417908e-05,1.0,9.999999747378752e-05
6.7401873820927e-05,1.0,9.999999747378752e-05
6.735060014761984e-05,1.0,9.999999747378752e-05
6.730410677846521e-05,1.0,9.999999747378752e-05
6.724568811478093e-05,1.0,9.999999747378752e-05
6.720276724081486e-05,1.0,9.999999747378752e-05
6.714554183417931e-05,1.0,9.999999747378752e-05
6.710143497912213e-05,1.0,9.999999747378752e-05
6.704420957248658e-05,1.0,9.999999747378752e-05
6.699413643218577e-05,1.0,9.999999747378752e-05
6.69512155582197e-05,1.0,9.999999747378752e-05
6.689279689453542e-05,1.0,9.999999747378752e-05
6.684510299237445e-05,1.0,9.999999747378752e-05
6.679384387098253e-05,1.0,9.999999747378752e-05
6.674377073068172e-05,1.0,9.999999747378752e-05
6.66984633426182e-05,1.0,9.999999747378752e-05
6.664600368821993e-05,1.0,9.999999747378752e-05
6.659474456682801e-05,1.0,9.999999747378752e-05
6.654586468357593e-05,1.0,9.999999747378752e-05
6.650055729551241e-05,1.0,9.999999747378752e-05
6.645763642154634e-05,1.0,9.999999747378752e-05
6.640516949119046e-05,1.0,9.999999747378752e-05
6.634676537942141e-05,1.0,9.999999747378752e-05
6.630622374359518e-05,1.0,9.999999747378752e-05
6.625019159400836e-05,1.0,9.999999747378752e-05
6.620249769184738e-05,1.0,9.999999747378752e-05
6.614765879930928e-05,1.0,9.999999747378752e-05
6.610235868720338e-05,1.0,9.999999747378752e-05
6.605228554690257e-05,1.0,9.999999747378752e-05
6.600101187359542e-05,1.0,9.999999747378752e-05
6.596048478968441e-05,1.0,9.999999747378752e-05
6.590444536413997e-05,1.0,9.999999747378752e-05
6.58507997286506e-05,1.0,9.999999747378752e-05
6.581026536878198e-05,1.0,9.999999747378752e-05
6.575542647624388e-05,1.0,9.999999747378752e-05
6.571131234522909e-05,1.0,9.999999747378752e-05
6.566362571902573e-05,1.0,9.999999747378752e-05
6.561116606462747e-05,1.0,9.999999747378752e-05
6.555751315318048e-05,1.0,9.999999747378752e-05
6.550982652697712e-05,1.0,9.999999747378752e-05
6.546452641487122e-05,1.0,9.999999747378752e-05
6.542041228385642e-05,1.0,9.999999747378752e-05
6.536795262945816e-05,1.0,9.999999747378752e-05
6.532264524139464e-05,1.0,9.999999747378752e-05
6.527257937705144e-05,1.0,9.999999747378752e-05
6.522250623675063e-05,1.0,9.999999747378752e-05
6.51712398394011e-05,1.0,9.999999747378752e-05
6.512235995614901e-05,1.0,9.999999747378752e-05
6.507705256808549e-05,1.0,9.999999747378752e-05
6.502459291368723e-05,1.0,9.999999747378752e-05
6.498286529676989e-05,1.0,9.999999747378752e-05
6.492683314718306e-05,1.0,9.999999747378752e-05
6.487795326393098e-05,1.0,9.999999747378752e-05
6.483503966592252e-05,1.0,9.999999747378752e-05
6.478615250671282e-05,1.0,9.999999747378752e-05
6.473847315646708e-05,1.0,9.999999747378752e-05
6.468839274020866e-05,1.0,9.999999747378752e-05
6.463831959990785e-05,1.0,9.999999747378752e-05
6.459063297370449e-05,1.0,9.999999747378752e-05
6.454532558564097e-05,1.0,9.999999747378752e-05
6.450241198763251e-05,1.0,9.999999747378752e-05
6.44475658191368e-05,1.0,9.999999747378752e-05
6.440583820221946e-05,1.0,9.999999747378752e-05
6.435695831896737e-05,1.0,9.999999747378752e-05
6.430211942642927e-05,1.0,9.999999747378752e-05
6.426039180951193e-05,1.0,9.999999747378752e-05
6.421627767849714e-05,1.0,9.999999747378752e-05
6.416143878595904e-05,1.0,9.999999747378752e-05
6.411255890270695e-05,1.0,9.999999747378752e-05
6.406844477169216e-05,1.0,9.999999747378752e-05
6.402075086953118e-05,1.0,9.999999747378752e-05
6.397783727152273e-05,1.0,9.999999747378752e-05
6.392895738827065e-05,1.0,9.999999747378752e-05
6.388365000020713e-05,1.0,9.999999747378752e-05
6.38323908788152e-05,1.0,9.999999747378752e-05
6.378112448146567e-05,1.0,9.999999747378752e-05
6.37382036074996e-05,1.0,9.999999747378752e-05
6.369289621943608e-05,1.0,9.999999747378752e-05
6.364044384099543e-05,1.0,9.999999747378752e-05
6.359394319588318e-05,1.0,9.999999747378752e-05
6.354863580781966e-05,1.0,9.999999747378752e-05
6.34997632005252e-05,1.0,9.999999747378752e-05
6.345445581246167e-05,1.0,9.999999747378752e-05
6.340438267216086e-05,1.0,9.999999747378752e-05
6.336265505524352e-05,1.0,9.999999747378752e-05
6.331020267680287e-05,1.0,9.999999747378752e-05
6.326846778392792e-05,1.0,9.999999747378752e-05
6.322555418591946e-05,1.0,9.999999747378752e-05
6.317667430266738e-05,1.0,9.999999747378752e-05
6.313017365755513e-05,1.0,9.999999747378752e-05
6.308010779321194e-05,1.0,9.999999747378752e-05
6.303003465291113e-05,1.0,9.999999747378752e-05
6.298234075075015e-05,1.0,9.999999747378752e-05
6.293704063864425e-05,1.0,9.999999747378752e-05
6.289292650762945e-05,1.0,9.999999747378752e-05
6.285000563366339e-05,1.0,9.999999747378752e-05
6.280113302636892e-05,1.0,9.999999747378752e-05
6.275224586715922e-05,1.0,9.999999747378752e-05
6.270694575505331e-05,1.0,9.999999747378752e-05
6.265925912884995e-05,1.0,9.999999747378752e-05
6.261633825488389e-05,1.0,9.999999747378752e-05
6.257341738091782e-05,1.0,9.999999747378752e-05
6.252692401176319e-05,1.0,9.999999747378752e-05
6.247088458621874e-05,1.0,9.999999747378752e-05
6.242677773116156e-05,1.0,9.999999747378752e-05
6.238147034309804e-05,1.0,9.999999747378752e-05
6.23397427261807e-05,1.0,9.999999747378752e-05
6.228728307178244e-05,1.0,9.999999747378752e-05
6.224674871191382e-05,1.0,9.999999747378752e-05
6.220264185685664e-05,1.0,9.999999747378752e-05
